회차,1,2,3,4,5,6,보너스,당첨금액
1094,6,7,15,22,26,40,41,2112854469
1093,10,17,22,30,35,43,44,1967040750
1092,7,18,19,26,33,45,37,1583289844
1091,6,20,23,24,28,30,44,2898470459
1090,12,19,21,29,40,45,1,2386494614
1089,4,18,31,37,42,43,40,2978522167
1088,11,21,22,30,39,44,31,2434697898
1087,13,14,18,21,34,44,16,1732253602
1086,11,16,25,27,35,36,37,1515913809
1085,4,7,17,18,38,44,36,1073277473
1084,8,12,13,29,33,42,5,1738764600
1083,3,7,14,15,22,38,17,1713084525
1082,21,26,27,32,34,42,31,3720489643
1081,1,9,16,23,24,38,17,2343892944
1080,13,16,23,31,36,44,38,3639444429
1079,4,8,18,24,37,45,6,2712329417
1078,6,10,11,14,36,38,43,2141604938
1077,4,8,17,30,40,43,34,3570901018
1076,3,7,9,33,36,37,10,2672689750
1075,1,23,24,35,44,45,10,2896337167
1074,1,6,20,27,28,41,15,2134763657
1073,6,18,28,30,32,38,15,2345227603
1072,16,18,20,23,32,43,27,2175006375
1071,1,2,11,21,30,35,39,5183979750
1070,3,6,14,22,30,41,36,1859116929
1069,1,10,18,22,28,31,44,1863217554
1068,4,7,19,26,33,35,3,1363929514
1067,7,10,19,23,28,33,18,1981114010
1066,6,11,16,19,21,32,45,1670947250
1065,3,18,19,23,32,45,24,1852593938
1064,3,6,9,18,22,35,14,1348168106
1063,3,6,22,23,24,38,30,3770311875
1062,20,31,32,40,41,45,12,3801933804
1061,4,24,27,35,37,45,15,2422768773
1060,3,10,24,33,38,45,36,898238907
1059,7,10,22,25,34,40,27,2033168481
1058,11,23,25,30,32,40,42,2058020250
1057,8,13,19,27,40,45,12,1616069714
1056,13,20,24,32,36,45,29,1969662456
1055,4,7,12,14,22,33,31,2362815205
1054,14,19,27,28,30,45,33,3147925709
1053,22,26,29,30,34,45,15,4090367411
1052,5,17,26,27,35,38,1,2341682762
1051,21,26,30,32,33,35,44,1669558480
1050,6,12,31,35,38,43,17,1535083280
1049,3,5,13,20,21,37,17,1727810100
1048,6,12,17,21,32,39,30,1612494508
1047,2,20,33,40,42,44,32,2748797875
1046,7,16,25,29,35,36,28,2011415719
1045,6,14,15,19,21,41,37,1990060443
1044,12,17,20,26,28,36,4,3136941235
1043,3,5,12,22,26,31,19,1468646956
1042,5,14,15,23,34,43,4,1240663669
1041,6,7,9,11,17,18,45,935091165
1040,8,16,26,29,31,36,11,3660482625
1039,2,3,6,19,36,39,26,1585019672
1038,7,16,24,27,37,44,2,1627457225
1037,2,14,15,22,27,33,31,1708576825
1036,2,5,22,32,34,45,39,2837323167
1035,9,14,34,35,41,42,2,3231193735
1034,26,31,32,33,38,40,11,2868856209
1033,3,11,15,20,35,44,10,1913414943
1032,1,6,12,19,36,42,28,2675257538
1031,6,7,22,32,35,36,19,3213957563
1030,2,5,11,17,24,29,9,1276406507
1029,12,30,32,37,39,41,24,2527848450
1028,5,7,12,13,18,35,23,1181235132
1027,14,16,27,35,39,45,5,2460504338
1026,5,12,13,31,32,41,34,1619118475
1025,8,9,20,25,29,33,7,6118853344
1024,9,18,20,22,38,44,10,3020323500
1023,10,14,16,18,29,35,25,2745677875
1022,5,6,11,29,42,45,28,4866468075
1021,12,15,17,24,29,45,16,2108962250
1020,12,27,29,38,41,45,6,1966431520
1019,1,4,13,17,34,39,6,438565140
1018,3,19,21,25,37,45,35,12361744688
1017,12,18,22,23,30,34,32,3517684822
1016,15,26,28,34,41,42,44,2260660671
1015,14,23,31,33,37,40,44,3051105610
1014,3,11,14,18,26,27,21,2410449338
1013,21,22,26,34,36,41,32,5047570725
1012,5,11,18,20,35,45,3,1861944318
1011,1,9,12,26,35,38,42,2220348512
1010,9,12,15,25,34,36,3,3119380079
1009,15,23,29,34,40,44,20,1702462825
1008,9,11,30,31,41,44,33,2267377910
1007,8,11,16,19,21,25,40,2718786375
1006,8,11,15,16,17,37,36,2855602125
1005,8,13,18,24,27,29,17,2061199344
1004,7,15,30,37,39,44,18,2576251913
1003,1,4,29,39,43,45,31,1811116822
1002,17,25,33,35,38,45,15,3088449563
1001,6,10,12,14,20,42,15,2077279594
1000,2,8,19,22,32,42,39,1246819620
999,1,3,9,14,18,28,34,1513274790
998,13,17,18,20,42,45,41,2076499657
997,4,7,14,16,24,44,20,1253749560
996,6,11,15,24,32,39,28,1491185771
995,1,4,13,29,38,39,7,3447271875
994,1,3,8,24,27,35,28,1861582063
993,6,14,16,18,24,42,44,3991197063
992,12,20,26,33,44,45,24,1986955563
991,13,18,25,31,33,44,38,2904166032
990,2,4,25,26,36,37,28,1740095277
989,17,18,21,27,29,33,26,5826768563
988,2,13,20,30,31,41,27,2678489375
987,2,4,15,23,29,38,7,2378711625
986,7,10,16,28,41,42,40,2375275125
985,17,21,23,30,34,44,19,2434752975
984,3,10,23,35,36,37,18,3453006268
983,13,23,26,31,35,43,15,2503422225
982,5,7,13,20,21,44,33,3023630672
981,27,36,37,41,43,45,32,1992863193
980,3,13,16,23,24,35,14,3409443215
979,7,11,16,21,27,33,24,1606400518
978,1,7,15,32,34,42,8,2373391388
977,2,9,10,14,22,44,16,1669905911
976,4,12,14,25,35,37,2,3243867215
975,7,8,9,17,22,24,5,2440410375
974,1,2,11,16,39,44,32,1317034523
973,22,26,31,37,41,42,24,2912742750
972,3,6,17,23,37,39,26,1124886244
971,2,6,17,18,21,26,7,3725880250
970,9,11,16,21,28,36,5,1611544045
969,3,9,10,29,40,45,7,1149427894
968,2,5,12,14,24,39,33,1667729683
967,1,6,13,37,38,40,9,5809776094
966,1,21,25,29,34,37,36,2411303513
965,2,13,25,28,29,36,34,3403348929
964,6,21,36,38,39,43,30,2345861063
963,6,12,19,23,34,42,35,1476478125
962,1,18,28,31,34,43,40,1940906094
961,11,20,29,31,33,42,43,2575231209
960,2,18,24,30,32,45,14,2401133213
959,1,14,15,24,40,41,35,3015312891
958,2,9,10,16,35,37,1,1596119675
957,4,15,24,35,36,40,1,2126634137
956,10,11,20,21,25,41,40,2022982671
955,4,9,23,26,29,33,8,2023170188
954,1,9,26,28,30,41,32,2478795900
953,7,9,22,27,37,42,34,1640636009
952,4,12,22,24,33,41,38,2713699834
951,2,12,30,31,39,43,38,1747552661
950,3,4,15,22,28,40,10,3281920500
949,14,21,35,36,40,44,30,2458569713
948,13,18,30,31,38,41,5,2188548716
947,3,8,17,20,27,35,26,1275855750
946,9,18,19,30,34,40,20,2157656182
945,9,10,15,30,33,37,26,1765554491
944,2,13,16,19,32,33,42,1961836356
943,1,8,13,36,44,45,39,3435045108
942,10,12,18,35,42,43,39,3761680313
941,12,14,25,27,39,40,35,1347297422
940,3,15,20,22,24,41,11,2846071079
939,4,11,28,39,42,45,6,1708363039
938,4,8,10,16,31,36,9,2249466563
937,2,10,13,22,29,40,26,2058420819
936,7,11,13,17,18,29,43,1492069179
935,4,10,20,32,38,44,18,1711055424
934,1,3,30,33,36,39,12,5765772844
933,23,27,29,31,36,45,37,2927797079
932,1,6,15,36,37,38,5,3390022983
931,14,15,23,25,35,43,32,2957108063
930,8,21,25,38,39,44,28,2832418829
929,7,9,12,15,19,23,4,1308035157
928,3,4,10,20,28,44,30,3134591358
927,4,15,22,38,41,43,26,3714203875
926,10,16,18,20,25,31,6,2032490663
925,13,24,32,34,39,42,4,1771080532
924,3,11,34,42,43,44,13,2382430667
923,3,17,18,23,36,41,26,2667554625
922,2,6,13,17,27,43,36,3417904500
921,5,7,12,22,28,41,1,1232573405
920,2,3,26,33,34,43,29,3120260197
919,9,14,17,18,42,44,35,4305150450
918,7,11,12,31,33,38,5,1117622646
917,1,3,23,24,27,43,34,2144799638
916,6,21,22,32,35,36,17,2025384341
915,2,6,11,13,22,37,14,3518640500
914,16,19,24,33,42,44,27,1950005557
913,6,14,16,21,27,37,40,1338755602
912,5,8,18,21,22,38,10,1493500581
911,4,5,12,14,32,42,35,2113538625
910,1,11,17,27,35,39,31,941316375
909,7,24,29,30,34,35,33,2021062875
908,3,16,21,22,23,44,30,2834856141
907,21,27,29,38,40,44,37,3165059036
906,2,5,14,28,31,32,20,2472607250
905,3,4,16,27,38,40,20,3017862536
904,2,6,8,26,43,45,11,2718077813
903,2,15,16,21,22,28,45,1684582212
902,7,19,23,24,36,39,30,1619317529
901,5,18,20,23,30,34,21,2267974667
900,7,13,16,18,35,38,14,3349851375
899,8,19,20,21,33,39,37,3359356063
898,18,21,28,35,37,42,17,2639313235
897,6,7,12,22,26,36,29,1619922520
896,5,12,25,26,38,45,23,3053222036
895,16,26,31,38,39,41,23,1928079219
894,19,32,37,40,41,43,45,2377935959
893,1,15,17,23,25,41,10,2377433625
892,4,9,17,18,26,42,36,1282017464
891,9,13,28,31,39,41,19,3082673947
890,1,4,14,18,29,37,6,2335486167
889,3,13,29,38,39,42,26,2108986950
888,3,7,12,31,34,38,32,2370359204
887,8,14,17,27,36,45,10,2535268688
886,19,23,28,37,42,45,2,2974643786
885,1,3,24,27,39,45,31,1543832568
884,4,14,23,28,37,45,17,1799077282
883,9,18,32,33,37,44,22,1360519525
882,18,34,39,43,44,45,23,4127270400
881,4,18,20,26,27,32,9,2503212282
880,7,17,19,23,24,45,38,2837810465
879,1,4,10,14,15,35,20,3206361313
878,2,6,11,16,25,31,3,3207993500
877,5,17,18,22,23,43,12,1716607188
876,5,16,21,26,34,42,24,1090657856
875,19,22,30,34,39,44,36,1415946724
874,1,15,19,23,28,42,32,1117123917
873,3,5,12,13,33,39,38,1874553225
872,2,4,30,32,33,43,29,1262705579
871,2,6,12,26,30,34,38,2718071358
870,21,25,30,32,40,42,31,1928842988
869,2,6,20,27,37,39,4,1922582588
868,12,17,28,41,43,44,25,3233804250
867,14,17,19,22,24,40,41,3933755250
866,9,15,29,34,37,39,12,2240409000
865,3,15,22,32,33,45,2,1551729145
864,3,7,10,13,25,36,32,1716553637
863,16,21,28,35,39,43,12,2853357322
862,10,34,38,40,42,43,32,2190922709
861,11,17,19,21,22,25,24,4872108844
860,4,8,18,25,27,32,42,1879899825
859,8,22,35,38,39,41,24,1853927489
858,9,13,32,38,39,43,23,2202347459
857,6,10,16,28,34,38,43,1284915425
856,10,24,40,41,43,44,17,3977927550
855,8,15,17,19,43,44,7,2269510500
854,20,25,31,32,36,43,3,3421706750
853,2,8,23,26,27,44,13,2885006786
852,11,17,28,30,33,35,9,4801543407
851,14,18,22,26,31,44,40,2483692313
850,16,20,24,28,36,39,5,3377587875
849,5,13,17,29,34,39,3,1158252883
848,1,2,16,22,38,39,34,3011580858
847,12,16,26,28,30,42,22,2520846657
846,5,18,30,41,43,45,13,1596884395
845,1,16,29,33,40,45,6,1891217182
844,7,8,13,15,33,45,18,1162963542
843,19,21,30,33,34,42,4,4012970100
842,14,26,32,36,39,42,38,2035475025
841,5,11,14,30,33,38,24,1116095714
840,2,4,11,28,29,43,27,2042961788
839,3,9,11,12,13,19,35,1359454904
838,9,14,17,33,36,38,20,3813733050
837,2,25,28,30,33,45,6,3144449125
836,1,9,11,14,26,28,19,1257843670
835,9,10,13,28,38,45,35,1233681125
834,6,8,18,35,42,43,3,1690693671
833,12,18,30,39,41,42,19,2356317282
832,13,14,19,26,40,43,30,2088204584
831,3,10,16,19,31,39,9,1110702258
830,5,6,16,18,37,38,17,2060528750
829,4,5,31,35,43,45,29,2444650641
828,4,7,13,29,31,39,18,1455185972
827,5,11,12,29,33,44,14,1206500375
826,13,16,24,25,33,36,42,2075192084
825,8,15,21,31,33,38,42,1658710563
824,7,9,24,29,34,38,26,1256646550
823,12,18,24,26,39,40,15,2009843917
822,9,18,20,24,27,36,12,5930898625
821,1,12,13,24,29,44,16,1316155956
820,10,21,22,30,35,42,6,4627313532
819,16,25,33,38,40,45,15,2594534840
818,14,15,25,28,29,30,3,1380804318
817,3,9,12,13,25,43,34,1868477334
816,12,18,19,29,31,39,7,2128107938
815,17,21,25,26,27,36,4,2579855358
814,2,21,28,38,42,45,30,3067192063
813,11,30,34,35,42,44,27,4591763157
812,1,3,12,14,16,43,10,2947954750
811,8,11,19,21,36,45,25,2524148197
810,5,10,13,21,39,43,11,2231598047
809,6,11,15,17,23,40,39,2921372750
808,15,21,31,32,41,43,24,3087620500
807,6,10,18,25,34,35,33,2437662322
806,14,20,23,31,37,38,27,2640760875
805,3,12,13,18,31,32,42,4266061969
804,1,10,13,26,32,36,9,1631996523
803,5,9,14,26,30,43,2,3663810225
802,10,11,12,18,24,42,27,1082947993
801,17,25,28,37,43,44,2,2256786657
800,1,4,10,12,28,45,26,1632246205
799,12,17,23,34,42,45,33,1826427225
798,2,10,14,22,32,36,41,2710791911
797,5,22,31,32,39,45,36,2397028125
796,1,21,26,36,40,41,5,2763490340
795,3,10,13,26,34,38,36,1714977000
794,6,7,18,19,30,38,13,2650940304
793,10,15,21,35,38,43,31,3750146775
792,2,7,19,25,29,36,16,2655736768
791,2,10,12,31,33,42,32,1253081893
790,3,8,19,27,30,41,12,1160516274
789,2,6,7,12,19,45,38,1140976825
788,2,10,11,19,35,39,29,1401475154
787,5,6,13,16,27,28,9,3092108313
786,12,15,16,20,24,30,38,4551365250
785,4,6,15,25,26,33,40,2886622688
784,3,10,23,24,31,39,22,1908678000
783,14,15,16,17,38,45,36,4603964625
782,6,18,31,34,38,45,20,1946487625
781,11,16,18,19,24,39,43,1882891542
780,15,17,19,21,27,45,16,1667520137
779,6,12,19,24,34,41,4,1527709296
778,6,21,35,36,37,41,11,6264069500
777,6,12,17,21,34,37,18,833468036
776,8,9,18,21,28,40,20,2557579393
775,11,12,29,33,38,42,17,3470437650
774,12,15,18,28,34,42,9,1709721512
773,8,12,19,21,31,35,44,1609403080
772,5,6,11,14,21,41,32,1769608838
771,6,10,17,18,21,29,30,4362644907
770,1,9,12,23,39,43,34,2163099329
769,5,7,11,16,41,45,4,1930760042
768,7,27,29,30,38,44,4,1363572260
767,5,15,20,31,34,42,22,1163768725
766,9,30,34,35,39,41,21,2173637297
765,1,3,8,12,42,43,33,1109214250
764,7,22,24,31,34,36,15,2459975465
763,3,8,16,32,34,43,10,2138130000
762,1,3,12,21,26,41,16,1631432063
761,4,7,11,24,42,45,30,2392730518
760,10,22,27,31,42,43,12,2253299391
759,9,33,36,40,42,43,32,3032670500
758,5,9,12,30,39,43,24,2078969954
757,6,7,11,17,33,44,1,739839858
756,10,14,16,18,27,28,4,3414434700
755,13,14,26,28,30,36,37,2214427266
754,2,8,17,24,29,31,32,3427542000
753,2,17,19,24,37,41,3,2711105063
752,4,16,20,33,40,43,7,1870358834
751,3,4,16,20,28,44,17,2097968110
750,1,2,15,19,24,36,12,2522104286
749,12,14,24,26,34,45,41,1350104395
748,3,10,13,22,31,32,29,1928246542
747,7,9,12,14,23,28,17,1903214584
746,3,12,33,36,42,45,25,2038623709
745,1,2,3,9,12,23,10,746822982
744,10,15,18,21,34,41,43,1155411575
743,15,19,21,34,41,44,10,2608641000
742,8,10,13,36,37,40,6,1111814813
741,5,21,27,34,44,45,16,3043595938
740,4,8,9,16,17,19,31,936929792
739,7,22,29,33,34,35,30,4744122282
738,23,27,28,38,42,43,36,1634191091
737,13,15,18,24,27,41,11,4283061000
736,2,11,17,18,21,27,6,3397362225
735,5,10,13,27,37,41,4,1847231588
734,6,16,37,38,41,45,18,1949395500
733,11,24,32,33,35,40,13,4016725125
732,2,4,5,17,27,32,43,2203270608
731,2,7,13,25,42,45,39,2340471054
730,4,10,14,15,18,22,39,2017382110
729,11,17,21,26,36,45,16,4198250719
728,3,6,10,30,34,37,36,3243464400
727,7,8,10,19,21,31,20,1115107742
726,1,11,21,23,34,44,24,1166872634
725,6,7,19,21,41,43,38,1579217250
724,2,8,33,35,37,41,14,1427789813
723,20,30,33,35,36,44,22,2114365360
722,12,14,21,30,39,43,45,4365422719
721,1,28,35,41,43,44,31,2273767360
720,1,12,29,34,36,37,41,1233770358
719,4,8,13,19,20,43,26,1879581334
718,4,11,20,23,32,39,40,926166464
717,2,11,19,25,28,32,44,2702433688
716,2,6,13,16,29,30,21,1358752157
715,2,7,27,33,41,44,10,2605510438
714,1,7,22,33,37,40,20,2085131733
713,2,5,15,18,19,23,44,1714720917
712,17,20,30,31,33,45,19,4034485125
711,11,15,24,35,37,45,42,2277413358
710,3,4,9,24,25,33,10,2895441150
709,10,18,30,36,39,44,32,1165271625
708,2,10,16,19,34,45,1,4099552219
707,2,12,19,24,39,44,35,1322167313
706,3,4,6,10,28,30,37,3831746063
705,1,6,17,22,28,45,23,3987206532
704,1,4,8,23,33,42,45,3865190344
703,10,28,31,33,41,44,21,3235784100
702,3,13,16,24,26,29,9,1465091387
701,3,10,14,16,36,38,35,1583183175
700,11,23,28,29,30,44,13,2082099188
699,4,5,8,16,21,29,3,1995411375
698,3,11,13,21,33,37,18,1921084125
697,2,5,8,11,33,39,31,1531443038
696,1,7,16,18,34,38,21,1632054413
695,4,18,26,33,34,38,14,1450214830
694,7,15,20,25,33,43,12,1555036388
693,1,6,11,28,34,42,30,1642763813
692,3,11,14,15,32,36,44,2301273697
691,15,27,33,35,43,45,16,2839296750
690,24,25,33,34,38,39,43,1126507625
689,7,17,19,30,36,38,34,2321775911
688,5,15,22,23,34,35,2,1967536750
687,1,8,10,13,28,42,45,2720029313
686,7,12,15,24,25,43,13,1937531719
685,6,7,12,28,38,40,18,1494367671
684,1,11,15,17,25,39,40,1688815709
683,6,13,20,27,28,40,15,1010930883
682,17,23,27,35,38,43,2,4063713563
681,21,24,27,29,43,44,7,2696328938
680,4,10,19,29,32,42,30,1110570563
679,3,5,7,14,26,34,35,2863005600
678,4,5,6,12,25,37,45,2288490188
677,12,15,24,36,41,44,42,1921114407
676,1,8,17,34,39,45,27,1879726500
675,1,8,11,15,18,45,7,3514549032
674,9,10,14,25,27,31,11,1770565500
673,7,10,17,29,33,44,5,1491453300
672,8,21,28,31,36,45,43,1754745000
671,7,9,10,13,31,35,24,3722322844
670,11,18,26,27,40,41,25,1191725219
669,7,8,20,29,33,38,9,2708173188
668,12,14,15,24,27,32,3,2991158625
667,15,17,25,37,42,43,13,2228764393
666,2,4,6,11,17,28,16,2396901063
665,5,6,11,17,38,44,13,3643230375
664,10,20,33,36,41,44,5,1536801338
663,3,5,8,19,38,42,20,2080244143
662,5,6,9,11,15,37,26,1689733688
661,2,3,12,20,27,38,40,1713025547
660,4,9,23,33,39,44,14,1421272575
659,7,18,19,27,29,42,45,1336604216
658,8,19,25,28,32,36,37,1634031375
657,10,14,19,39,40,43,23,1694762792
656,3,7,14,16,31,40,39,7330002750
655,7,37,38,39,40,44,18,1661439625
654,16,21,26,31,36,43,6,1879301391
653,5,6,26,27,38,39,1,980958670
652,3,13,15,40,41,44,20,3003483525
651,11,12,16,26,29,44,18,1855306454
650,3,4,7,11,31,41,35,2849298900
649,3,21,22,33,41,42,20,2948042100
648,13,19,28,37,38,43,4,2120987947
647,5,16,21,23,24,30,29,2189725608
646,2,9,24,41,43,45,30,2215498393
645,1,4,16,26,40,41,31,3696297750
644,5,13,17,23,28,36,8,1831451204
643,15,24,31,32,33,40,13,2535763625
642,8,17,18,24,39,45,32,1251460438
641,11,18,21,36,37,43,12,1990074563
640,14,15,18,21,26,35,23,1728768834
639,6,15,22,23,25,32,40,4061185219
638,7,18,22,24,31,34,6,2229403179
637,3,16,22,37,38,44,23,3899241094
636,6,7,15,16,20,31,26,1832362219
635,11,13,25,26,29,33,32,1855587235
634,4,10,11,12,20,27,38,1077935106
633,9,12,19,20,39,41,13,1217257094
632,15,18,21,32,35,44,6,1432587716
631,1,2,4,23,31,34,8,3919853532
630,8,17,21,24,27,31,15,4836305500
629,19,28,31,38,43,44,1,2919433575
628,1,7,12,15,23,42,11,1499942875
627,2,9,22,25,31,45,12,1352230650
626,13,14,26,33,40,43,15,1717871110
625,3,6,7,20,21,39,13,2765184675
624,1,7,19,26,27,35,16,2763729450
623,7,13,30,39,41,45,25,1813702594
622,9,15,16,21,28,34,24,1630598292
621,1,2,6,16,19,42,9,2359723500
620,2,16,17,32,39,45,40,2028283233
619,6,8,13,30,35,40,21,4612479375
618,8,16,25,30,42,43,15,2881326225
617,4,5,11,12,24,27,28,1629701860
616,5,13,18,23,40,45,3,1611811250
615,10,17,18,19,23,27,35,1535062417
614,8,21,25,39,40,44,18,2540975438
613,7,8,11,16,41,44,35,1549831209
612,6,9,18,19,25,33,40,1181705250
611,2,22,27,33,36,37,14,3502706157
610,14,18,20,23,28,36,33,3516018375
609,4,8,27,34,39,40,13,6339311438
608,4,8,18,19,39,44,41,1943530018
607,8,14,23,36,38,39,13,3494480907
606,1,5,6,14,20,39,22,1311566850
605,1,2,7,9,10,38,42,1394232250
604,2,6,18,21,33,34,30,1229141557
603,2,19,25,26,27,43,28,3452136563
602,13,14,22,27,30,38,2,1689530860
601,2,16,19,31,34,35,37,1524565209
600,5,11,14,27,29,36,44,901798725
599,5,12,17,29,34,35,27,1710918329
598,4,12,24,33,38,45,22,833998594
597,8,10,23,24,35,43,37,1057920606
596,3,4,12,14,25,43,17,1328267663
595,8,24,28,35,38,40,5,1744525219
594,2,8,13,25,28,37,3,1255592796
593,9,10,13,24,33,38,28,1532833500
592,2,5,6,13,28,44,43,2356381688
591,8,13,14,30,38,39,5,2964676200
590,20,30,36,38,41,45,23,2185183983
589,6,8,28,33,38,39,22,2136877983
588,2,8,15,22,25,41,30,2889342075
587,14,21,29,31,32,37,17,4974577375
586,2,7,12,15,21,34,5,1778354344
585,6,7,10,16,38,41,4,1620546334
584,7,18,30,39,40,41,36,5033183250
583,8,17,27,33,40,44,24,1341848353
582,2,12,14,33,40,41,25,3560558719
581,3,5,14,20,42,44,33,1844554547
580,5,7,9,11,32,35,33,2028610500
579,5,7,20,22,37,42,39,1396068444
578,5,12,14,32,34,42,16,2796466575
577,16,17,22,31,34,37,33,4484438375
576,10,11,15,25,35,41,13,4321966000
575,2,8,20,30,33,34,6,1699267875
574,14,15,16,19,25,43,2,6965184938
573,2,4,20,34,35,43,14,1645691766
572,3,13,18,33,37,45,1,1668216188
571,11,18,21,26,38,43,29,1966538465
570,1,12,26,27,29,33,42,1527791625
569,3,6,13,23,24,35,1,3467925188
568,1,3,17,20,31,44,40,1305167550
567,1,10,15,16,32,41,28,2318659438
566,4,5,6,25,26,43,41,3508951032
565,4,10,18,27,40,45,38,1742064469
564,14,19,25,26,27,34,2,1934801143
563,5,10,16,17,31,32,21,1932735643
562,4,11,13,17,20,31,33,1166694614
561,5,7,18,37,42,45,20,2753712225
560,1,4,20,23,29,45,28,1976697215
559,11,12,25,32,44,45,23,1926145608
558,12,15,19,26,40,43,29,1315913663
557,4,20,26,28,35,40,31,1888069286
556,12,20,23,28,30,44,43,2005209161
555,11,17,21,24,26,36,12,1711027360
554,13,14,17,32,41,42,6,6813893625
553,2,7,17,28,29,39,37,2249631438
552,1,10,20,32,35,40,43,1330824225
551,3,6,20,24,27,44,25,13526973750
550,1,7,14,20,34,37,41,1118679205
549,29,31,35,38,40,44,17,1760805047
548,1,12,13,21,32,45,14,1736871891
547,6,7,15,22,34,39,28,2838444450
546,8,17,20,27,37,43,6,405939950
545,4,24,25,27,34,35,2,1198994353
544,5,17,21,25,36,44,10,1046388433
543,13,18,26,31,34,44,12,1112934844
542,5,6,19,26,41,45,34,2335152563
541,8,13,26,28,32,34,43,1269327171
540,3,12,13,15,34,36,14,1989365250
539,3,19,22,31,42,43,26,1621036667
538,6,10,18,31,32,34,11,4688021625
537,12,23,26,30,36,43,11,2104038911
536,7,8,18,32,37,43,12,1308523603
535,11,12,14,15,18,39,34,4935603000
534,10,24,26,29,37,38,32,14215763250
533,9,14,15,17,31,33,23,1785671579
532,16,17,23,24,29,44,3,2216896286
531,1,5,9,21,27,35,45,1521519750
530,16,23,27,29,33,41,22,1231656239
529,18,20,24,27,31,42,39,1749114797
528,5,17,25,31,39,40,10,1197889125
527,1,12,22,32,33,42,38,1032386366
526,7,14,17,20,35,39,31,1491031959
525,11,23,26,29,39,44,22,1501132375
524,10,11,29,38,41,45,21,3491695594
523,1,4,37,38,40,45,7,1780355840
522,4,5,13,14,37,41,11,2281623000
521,3,7,18,29,32,36,19,1693420922
520,4,22,27,28,38,40,1,2167205438
519,6,8,13,16,30,43,3,1950601393
518,14,23,30,32,34,38,6,2263804125
517,1,9,12,28,36,41,10,2659057725
516,2,8,23,41,43,44,30,1294190182
515,2,11,12,15,23,37,8,13200466875
514,1,15,20,26,35,42,9,4451055500
513,5,8,21,23,27,33,12,4589624750
512,4,5,9,13,26,27,1,940094452
511,3,7,14,23,26,42,24,2165579250
510,12,29,32,33,39,40,42,2644158150
509,12,25,29,35,42,43,24,2689076100
508,5,27,31,34,35,43,37,1599557860
507,12,13,32,33,40,41,4,1416438875
506,6,9,11,22,24,30,31,4073333875
505,7,20,22,25,38,40,44,1917955188
504,6,14,22,26,43,44,31,1443236959
503,1,5,27,30,34,36,40,1853634911
502,6,22,28,32,34,40,26,2201458125
501,1,4,10,17,31,42,2,3025200094
500,3,4,12,20,24,34,41,1351072375
499,5,20,23,27,35,40,43,4070480250
498,13,14,24,32,39,41,3,3244503094
497,19,20,23,24,43,44,13,2222817813
496,4,13,20,29,36,41,39,3285932250
495,4,13,22,27,34,44,6,2111645000
494,5,7,8,15,30,43,22,1054588407
493,20,22,26,33,36,37,25,1451120334
492,22,27,31,35,37,40,42,2493013800
491,8,17,35,36,39,42,4,3304634438
490,2,7,26,29,40,43,42,1860234161
489,2,4,8,15,20,27,11,2106360625
488,2,8,17,30,31,38,25,1330393575
487,4,8,25,27,37,41,21,1638830766
486,1,2,23,25,38,40,43,1008634125
485,17,22,26,27,36,39,20,1501474917
484,1,3,27,28,32,45,11,2305303063
483,12,15,19,22,28,34,5,2567196675
482,1,10,16,24,25,35,43,1897921179
481,3,4,23,29,40,41,20,4639355750
480,3,5,10,17,30,31,16,2996742282
479,8,23,25,27,35,44,24,2233046500
478,18,29,30,37,39,43,8,987224759
477,14,25,29,32,33,45,37,1919011829
476,9,12,13,15,37,38,27,3439851469
475,1,9,14,16,21,29,3,1693923047
474,4,13,18,31,33,45,43,936690800
473,8,13,20,22,23,36,34,3250418063
472,16,25,26,31,36,43,44,1809656090
471,6,13,29,37,39,41,43,1939332858
470,10,16,20,39,41,42,27,4333330625
469,4,21,22,34,37,38,33,3330131250
468,8,13,15,28,37,43,17,1527197167
467,2,12,14,17,24,40,39,1435441084
466,4,10,13,23,32,44,20,1530313459
465,1,8,11,13,22,38,31,1923662893
464,6,12,15,34,42,44,4,3355721106
463,23,29,31,33,34,44,40,0
462,3,20,24,32,37,45,4,1483559297
461,11,18,26,31,37,40,43,1948674875
460,8,11,28,30,43,45,41,3180895782
459,4,6,10,14,25,40,12,1655842233
458,4,9,10,32,36,40,18,1608812625
457,8,10,18,23,27,40,33,1159902825
456,1,7,12,18,23,27,44,1598505054
455,4,19,20,26,30,35,24,1635711483
454,13,25,27,34,38,41,10,1609125590
453,12,24,33,38,40,42,30,2262732375
452,8,10,18,30,32,34,27,1276902000
451,12,15,20,24,30,38,29,882138952
450,6,14,19,21,23,31,13,1990391625
449,3,10,20,26,35,43,36,4059715250
448,3,7,13,27,40,41,36,4026212750
447,2,7,8,9,17,33,34,2657941125
446,1,11,12,14,26,35,6,4051247625
445,13,20,21,30,39,45,32,1791683036
444,11,13,23,35,43,45,17,4154188625
443,4,6,10,19,20,44,14,1327597584
442,25,27,29,36,38,40,41,1413413042
441,1,23,28,30,34,35,9,3170417063
440,10,22,28,34,36,44,2,1995873000
439,17,20,30,31,37,40,25,1900077375
438,6,12,20,26,29,38,45,1377142167
437,11,16,29,38,41,44,21,2096245438
436,9,14,20,22,33,34,28,1512266579
435,8,16,26,30,38,45,42,1287550013
434,3,13,20,24,33,37,35,1480060266
433,19,23,29,33,35,43,27,1182294410
432,2,3,5,11,27,39,33,2299427550
431,18,22,25,31,38,45,6,1268434013
430,1,3,16,18,30,34,44,1611763219
429,3,23,28,34,39,42,16,1485904709
428,12,16,19,22,37,40,8,1437683209
427,6,7,15,24,28,30,21,12571445625
426,4,17,18,27,39,43,19,3057233625
425,8,10,14,27,33,38,3,1534833000
424,10,11,26,31,34,44,30,1109480813
423,1,17,27,28,29,40,5,3896153875
422,8,15,19,21,34,44,12,2205251375
421,6,11,26,27,28,44,30,2321144325
420,4,9,10,29,31,34,27,1424856375
419,2,11,13,14,28,30,7,3796490750
418,11,13,15,26,28,34,31,1435649766
417,4,5,14,20,22,43,44,2818329938
416,5,6,8,11,22,26,44,1072037100
415,7,17,20,26,30,40,24,1334182407
414,2,14,15,22,23,44,43,11703832500
413,2,9,15,23,34,40,3,2814673500
412,4,7,39,41,42,45,40,1656199822
411,11,14,22,35,37,39,5,953227563
410,1,3,18,32,40,41,16,1249335709
409,6,9,21,31,32,40,38,2896989750
408,9,20,21,22,30,37,16,2235375825
407,6,7,13,16,24,25,1,1649707286
406,7,12,21,24,27,36,45,2156142450
405,1,2,10,25,26,44,4,3543878000
404,5,20,21,24,33,40,36,3566659375
403,10,14,22,24,28,37,26,2122396875
402,5,9,15,19,22,36,32,2662206188
401,6,12,18,31,38,43,9,1168214792
400,9,21,27,34,41,43,2,2669834325
399,1,2,9,17,19,42,20,1276854975
398,10,15,20,23,42,44,7,2680625550
397,12,13,17,22,25,33,8,3499519700
396,18,20,31,34,40,45,30,5296622400
395,11,15,20,26,31,35,7,1534635000
394,1,13,20,22,25,28,15,10654349100
393,9,16,28,40,41,43,21,1362003975
392,1,3,7,8,24,42,43,1713528700
391,10,11,18,22,28,39,30,10508749800
390,16,17,28,37,39,40,15,10373997900
389,7,16,18,20,23,26,3,2119027020
388,1,8,9,17,29,32,45,2545543875
387,1,26,31,34,40,43,20,2675533500
386,4,7,10,19,31,40,26,1042953330
385,7,12,19,21,29,32,9,1542032700
384,11,22,24,32,36,38,7,3658734200
383,4,15,28,33,37,40,25,3596522100
382,10,15,22,24,27,42,19,1846674900
381,1,5,10,12,16,20,11,565738895
380,1,2,8,17,26,37,27,2684274825
379,6,10,22,31,35,40,19,1598999786
378,5,22,29,31,34,39,43,2317698240
377,6,22,29,37,43,45,23,3912085400
376,1,11,13,24,28,40,7,1956915800
375,4,8,19,25,27,45,7,1581284058
374,11,13,15,17,25,34,26,5528717850
373,15,26,37,42,43,45,9,2791801125
372,8,11,14,16,18,21,13,1192593200
371,7,9,15,26,27,42,18,1524130543
370,16,18,24,42,44,45,17,1678941943
369,17,20,35,36,41,43,21,1842177750
368,11,21,24,30,39,45,26,1465825115
367,3,22,25,29,32,44,19,1581736586
366,5,12,19,26,27,44,38,5351553900
365,5,15,21,25,26,30,31,10697716800
364,2,5,7,14,16,40,4,2531914800
363,11,12,14,21,32,38,6,2615910600
362,2,3,22,27,30,40,29,1729424650
361,5,10,16,24,27,35,33,1473115115
360,4,16,23,25,35,40,27,3566716200
359,1,10,19,20,24,40,23,1286712600
358,1,9,10,12,21,40,37,3472654900
357,10,14,18,21,36,37,5,5313394350
356,2,8,14,25,29,45,24,1157185267
355,5,8,29,30,35,44,38,2145424800
354,14,19,36,43,44,45,1,2124464340
353,11,16,19,22,29,36,26,5290838250
352,5,16,17,20,26,41,24,1732858250
351,5,25,27,29,34,36,33,2583357150
350,1,8,18,24,29,33,35,1101052467
349,5,13,14,20,24,25,36,3353209000
348,3,14,17,20,24,31,34,3299994000
347,3,8,13,27,32,42,10,1456624286
346,5,13,14,22,44,45,33,2017727340
345,15,20,23,29,39,42,2,5203577550
344,1,2,15,28,34,45,38,1467106543
343,1,10,17,29,31,43,15,1717153000
342,1,13,14,33,34,43,25,3454095800
341,1,8,19,34,39,43,41,1497207772
340,18,24,26,29,34,38,32,1439393186
339,6,8,14,21,30,37,45,1096778334
338,2,13,34,38,42,45,16,3383431000
337,1,5,14,18,32,37,4,1257500513
336,3,5,20,34,35,44,16,1685632650
335,5,9,16,23,26,45,21,2037492480
334,13,15,21,29,39,43,33,1523002972
333,5,14,27,30,39,43,35,1550987143
332,16,17,34,36,42,45,3,1359448388
331,4,9,14,26,31,44,39,2165902620
330,3,4,16,17,19,20,23,1162280200
329,9,17,19,30,35,42,4,1830391200
328,1,6,9,16,17,28,24,1819795900
327,6,12,13,17,32,44,24,882674750
326,16,23,25,33,36,39,40,1832134550
325,7,17,20,32,44,45,33,1806122450
324,2,4,21,25,33,36,17,1865130350
323,10,14,15,32,36,42,3,1461025388
322,9,18,29,32,38,43,20,1904544700
321,12,18,20,21,25,34,42,1959136100
320,16,19,23,25,41,45,3,5513067900
319,5,8,22,28,33,42,37,2135659380
318,2,17,19,20,34,45,21,1207436600
317,3,10,11,22,36,39,8,2576258550
316,10,11,21,27,31,39,43,1673586400
315,1,13,33,35,43,45,23,1308728625
314,15,17,19,34,38,41,2,1660512200
313,9,17,34,35,43,45,2,1715422800
312,2,3,5,6,12,20,25,629017820
311,4,12,24,27,28,32,10,1237691063
310,1,5,19,28,34,41,16,1296713325
309,1,2,5,11,18,36,22,901622946
308,14,15,17,19,37,45,40,10232872800
307,5,15,21,23,25,45,12,2587643250
306,4,18,23,30,34,41,19,2102669520
305,7,8,18,21,23,39,9,2008210140
304,4,10,16,26,33,41,38,1661646150
303,2,14,17,30,38,45,43,1672749000
302,13,19,20,32,38,42,4,5472167250
301,7,11,13,33,37,43,26,1447385015
300,7,9,10,12,26,38,39,836092425
299,1,3,20,25,36,45,24,1483772529
298,5,9,27,29,37,40,19,9909778500
297,6,11,19,20,28,32,34,5056668750
296,3,8,15,27,30,45,44,3066088275
295,1,4,12,16,18,38,8,0
294,6,10,17,30,37,38,40,2406504975
293,1,9,17,21,29,33,24,1656764400
292,17,18,31,32,33,34,10,720373950
291,3,7,8,18,20,42,45,1450585200
290,8,13,18,32,39,45,7,2149214424
289,3,14,33,37,38,42,10,0
288,1,12,17,28,35,41,10,2357261550
287,6,12,24,27,35,37,41,1328657100
286,1,15,19,40,42,44,17,3236566300
285,13,33,37,40,41,45,2,3164370100
284,2,7,15,24,30,45,28,3117640300
283,6,8,18,31,38,45,42,3137224600
282,2,5,10,18,31,32,30,1322052643
281,1,3,4,6,14,41,12,1554683200
280,10,11,23,24,36,37,35,1355258529
279,7,16,31,36,37,38,11,1914205320
278,3,11,37,39,41,43,13,3186530000
277,10,12,13,15,25,29,20,3272627800
276,4,15,21,33,39,41,25,3312569000
275,14,19,20,35,38,40,26,10044066900
274,13,14,15,26,35,39,25,2505085575
273,1,8,24,31,34,44,6,3339543100
272,7,9,12,27,39,43,28,1104622800
271,3,8,9,27,29,40,36,1565918150
270,5,9,12,20,21,26,27,1927830060
269,5,18,20,36,42,43,32,1961399940
268,3,10,19,24,32,45,12,1350954515
267,7,8,24,34,36,41,1,3257663300
266,3,4,9,11,22,42,37,3207211700
265,5,9,34,37,38,39,12,1200838575
264,9,16,27,36,41,44,5,1344889200
263,1,27,28,32,37,40,18,1551704900
262,9,12,24,25,29,31,36,4518741600
261,6,11,16,18,31,43,2,3192299100
260,7,12,15,24,37,40,43,2310085575
259,4,5,14,35,42,45,34,4838533500
258,14,27,30,31,38,40,17,2426434350
257,6,13,27,31,32,37,4,2391377025
256,4,11,14,21,23,43,32,4891017000
255,1,5,6,24,27,42,32,1598618550
254,1,5,19,20,24,30,27,9741015900
253,8,19,25,31,34,36,33,2466189525
252,14,23,26,31,39,45,28,1391089715
251,6,7,19,25,28,38,45,1282616400
250,19,23,30,37,43,45,38,1994726280
249,3,8,27,31,41,44,11,1663568700
248,3,8,17,23,38,45,13,1227479363
247,12,15,28,36,39,40,13,1669313900
246,13,18,21,23,26,39,15,1911774240
245,9,11,27,31,32,38,22,1382583129
244,13,16,25,36,37,38,19,9121583100
243,2,12,17,19,28,42,34,2408850000
242,4,19,20,21,32,34,43,1234542375
241,2,16,24,27,28,35,21,2552016300
240,6,10,16,40,41,43,21,5098251450
239,11,15,24,39,41,44,7,1134140167
238,2,4,15,28,31,34,35,1121660567
237,1,11,17,21,24,44,33,1440630729
236,1,4,8,13,37,39,7,5030040150
235,21,22,26,27,31,37,8,3433330100
234,13,21,22,24,26,37,4,2519743875
233,4,6,13,17,28,40,39,999153750
232,8,9,10,12,24,44,35,1110918400
231,5,10,19,31,44,45,27,1088365900
230,5,11,14,29,32,33,12,1292929163
229,4,5,9,11,23,38,35,1451441100
228,17,25,35,36,39,44,23,1146700334
227,4,5,15,16,22,42,2,5253542400
226,2,6,8,14,21,22,34,1744100150
225,5,11,13,19,31,36,7,1777201800
224,4,19,26,27,30,42,7,1808969950
223,1,3,18,20,26,27,38,1498170600
222,5,7,28,29,39,43,44,2275193820
221,2,20,33,35,37,40,10,1800104250
220,5,11,19,21,34,43,31,1958094950
219,4,11,20,26,35,37,16,1208409167
218,1,8,14,18,29,44,20,2779075800
217,16,20,27,33,35,39,38,1611246172
216,7,16,17,33,36,40,1,848506108
215,2,3,7,15,43,44,4,1587689615
214,5,7,20,25,28,37,32,1406980875
213,2,3,4,5,20,24,42,1376678025
212,11,12,18,21,31,38,8,2660747250
211,12,13,17,20,33,41,8,1035800250
210,10,19,22,23,25,37,39,5139085950
209,2,7,18,20,24,33,37,1660896350
208,14,25,31,34,40,44,24,1760767400
207,3,11,14,31,32,37,38,2104673760
206,1,2,3,15,20,25,43,2032859340
205,1,3,21,29,35,37,30,1835221800
204,3,12,14,35,40,45,5,1358347125
203,1,3,11,24,30,32,7,2164564740
202,12,14,27,33,39,44,17,1893391700
201,3,11,24,38,39,44,26,9719465400
200,5,6,13,14,17,20,7,1344616613
199,14,21,22,25,30,36,43,5344252200
198,12,19,20,25,41,45,2,1797855050
197,7,12,16,34,42,45,4,1803018300
196,35,36,37,41,44,45,30,727876520
195,7,10,19,22,35,40,31,918992591
194,15,20,23,26,39,44,28,2650567875
193,6,14,18,26,36,39,13,3404449700
192,4,8,11,18,37,45,33,2445348375
191,5,6,24,25,32,37,8,2577114675
190,8,14,18,30,31,44,15,1784159450
189,8,14,32,35,37,45,28,3461775100
188,19,24,27,30,31,34,36,3501405200
187,1,2,8,18,29,38,42,1544733900
186,4,10,14,19,21,45,9,1187882600
185,1,2,4,8,19,38,14,3522485800
184,1,2,6,16,20,33,41,1747753050
183,2,18,24,34,40,42,5,1777221500
182,13,15,27,29,34,40,35,3721439400
181,14,21,23,32,40,45,44,1941763300
180,2,15,20,21,29,34,22,5763371550
179,5,9,17,25,39,43,32,1081093920
178,1,5,11,12,18,23,9,2254621080
177,1,10,13,16,37,43,6,1693285500
176,4,17,30,32,33,34,15,2314663080
175,19,26,28,31,33,36,17,2371132620
174,13,14,18,22,35,39,16,1771103058
173,3,9,24,30,33,34,18,1487736788
172,4,19,21,24,26,41,35,1081154073
171,4,16,25,29,34,35,1,1961339700
170,2,11,13,15,31,42,10,1923108250
169,16,27,35,37,43,45,19,2482888380
168,3,10,31,40,42,43,30,2349946920
167,24,27,28,30,36,39,4,2491222920
166,9,12,27,36,39,45,14,1111299982
165,5,13,18,19,22,42,31,6767426700
164,6,9,10,11,39,41,27,4054937900
163,7,11,26,28,29,44,16,1629726515
162,1,5,21,25,38,41,24,2308265760
161,22,34,36,40,42,45,44,1996876272
160,3,7,8,34,39,41,1,5490805350
159,1,18,30,41,42,43,32,1755407300
158,4,9,13,18,21,34,7,1069544340
157,19,26,30,33,35,39,37,5484903750
156,5,18,28,30,42,45,2,1401099900
155,16,19,20,32,33,41,4,1193005734
154,6,19,21,35,40,45,20,2836628700
153,3,8,11,12,13,36,33,2730526125
152,1,5,13,26,29,34,43,2278131840
151,1,2,10,13,18,19,15,2716634025
150,2,18,25,28,37,39,16,2831645850
149,2,11,21,34,41,42,27,1639052143
148,21,25,33,34,35,36,17,2323596420
147,4,6,13,21,40,42,36,1700040215
146,2,19,27,35,41,42,25,6043415250
145,2,3,13,20,27,44,9,3797838200
144,4,15,17,26,36,37,43,1402440413
143,26,27,28,42,43,45,8,3954584700
142,12,16,30,34,40,44,19,1018265564
141,8,12,29,31,42,43,2,1900552400
140,3,13,17,18,19,28,8,2109462840
139,9,11,15,20,28,43,13,1650210215
138,10,11,27,28,37,39,19,2227152000
137,7,9,20,25,36,39,15,1270403467
136,2,16,30,36,41,42,11,1997694150
135,6,14,22,28,35,39,16,1717293515
134,3,12,20,23,31,35,43,2349155100
133,4,7,15,18,23,26,13,1450242600
132,3,17,23,34,41,45,43,2920473525
131,8,10,11,14,15,21,37,1451214488
130,7,19,24,27,42,45,31,3036496650
129,19,23,25,28,38,42,17,1093629655
128,12,30,34,36,37,45,39,2064043100
127,3,5,10,29,32,43,35,1965939150
126,7,20,22,27,40,43,1,1369301500
125,2,8,32,33,35,36,18,1754870786
124,4,16,23,25,29,42,1,1395936267
123,7,17,18,28,30,45,27,2532982680
122,1,11,16,17,36,40,8,1450073800
121,12,28,30,34,38,43,9,6839648100
120,4,6,10,11,32,37,30,4364530300
119,3,11,13,14,17,21,38,1474899400
118,3,4,10,17,19,22,38,1297989720
117,5,10,22,34,36,44,35,1558378334
116,2,4,25,31,34,37,17,1997747315
115,1,2,6,9,25,28,31,1488589567
114,11,14,19,26,28,41,2,2362345050
113,4,9,28,33,36,45,26,1561528934
112,26,29,30,33,41,42,43,1567271167
111,7,18,31,33,36,40,27,2199047450
110,7,20,22,23,29,43,1,4566262000
109,1,5,34,36,42,44,33,1246838200
108,7,18,22,23,29,44,12,1998900772
107,1,4,5,6,9,31,17,6679927800
106,4,10,12,22,24,33,29,810461157
105,8,10,20,34,41,45,28,3416781450
104,17,32,33,34,42,44,35,6610743750
103,5,14,15,27,30,45,10,1691589563
102,17,22,24,26,35,40,42,1457153067
101,1,3,17,32,35,45,8,2707297500
100,1,7,11,23,37,42,6,3315315525
99,1,3,10,27,29,37,11,2169219050
98,6,9,16,23,24,32,43,3177972300
97,6,7,14,15,20,36,3,1496214000
96,1,3,8,21,22,31,20,1847133515
95,8,17,27,31,34,43,14,1747741238
94,5,32,34,40,41,45,6,2245339950
93,6,22,24,36,38,44,19,2269178150
92,3,14,24,33,35,36,17,1233270846
91,1,21,24,26,29,42,27,3582902400
90,17,20,29,35,38,44,10,3291435300
89,4,26,28,29,33,40,37,4248321900
88,1,17,20,24,30,41,27,3069709650
87,4,12,16,23,34,43,26,1799358055
86,2,12,37,39,41,45,33,14252186400
85,6,8,13,23,31,36,21,3462109800
84,16,23,27,34,42,45,11,7669779000
83,6,10,15,17,19,34,14,7086948300
82,1,2,3,14,27,42,39,14562494400
81,5,7,11,13,20,33,6,2714288880
80,17,18,24,25,26,30,1,13809540000
79,3,12,24,27,30,32,14,3416443800
78,10,13,25,29,33,35,38,3519850000
77,2,18,29,32,43,44,37,5155758600
76,1,3,15,22,25,37,43,7451022600
75,2,5,24,32,34,44,28,3914616900
74,6,15,17,18,35,40,23,5284949800
73,3,12,18,32,40,43,38,2766662100
72,2,4,11,17,26,27,1,3260524600
71,5,9,12,16,29,41,21,0
70,5,19,22,25,28,43,26,5031277800
69,5,8,14,15,19,39,35,4962712200
68,10,12,15,16,26,39,38,2945882100
67,3,7,10,15,36,38,33,2114436500
66,2,3,7,17,22,24,45,3685138200
65,4,25,33,36,40,43,39,3727945800
64,14,15,18,21,26,36,39,3899818000
63,3,20,23,36,38,40,5,7922245500
62,3,8,15,27,29,35,21,15817286400
61,14,15,19,30,38,43,8,3541038800
60,2,8,25,36,39,42,11,2172504600
59,6,29,36,39,41,45,13,4127587300
58,10,24,25,33,40,44,1,3676429200
57,7,10,16,25,29,44,6,4114411900
56,10,14,30,31,33,37,19,3777570900
55,17,21,31,37,40,44,7,7088799600
54,1,8,21,27,36,39,37,5148626600
53,7,8,14,32,33,39,42,5014371000
52,2,4,15,16,20,29,1,3900844900
51,2,3,11,16,26,44,35,2421117000
50,2,10,12,15,22,44,1,5227061400
49,4,7,16,19,33,40,30,1967504600
48,6,10,18,26,37,38,3,2415673600
47,14,17,26,31,36,45,27,3250042400
46,8,13,15,23,31,38,39,5327758800
45,1,10,20,27,33,35,17,8356417800
44,3,11,21,30,38,45,39,3362155800
43,6,31,35,38,39,44,1,17749630800
42,17,18,19,21,23,32,1,6899280100
41,13,20,23,35,38,43,34,0
40,7,13,18,19,25,26,6,1147652400
39,6,7,13,15,21,43,8,2623748800
38,16,17,22,30,37,43,36,5374866400
37,7,27,30,33,35,37,42,4985999400
36,1,10,23,26,28,40,31,16014475800
35,2,3,11,26,37,43,39,5054598200
34,9,26,35,37,40,42,2,3056918000
33,4,7,32,33,40,41,9,14903517600
32,6,14,19,25,34,44,11,1634528300
31,7,9,18,23,28,35,32,8106672900
30,8,17,20,35,36,44,4,8728555500
29,1,5,13,34,39,40,11,3552594000
28,9,18,23,25,35,37,1,1700361100
27,1,20,26,28,37,43,27,9543982500
26,4,5,7,18,20,25,31,3495069900
25,2,4,21,26,43,44,16,24227745300
24,7,8,27,29,36,43,6,0
23,5,13,17,18,33,42,44,4317947700
22,4,5,6,8,17,39,25,4552194900
21,6,12,17,18,31,32,21,797475400
20,10,14,18,20,23,30,41,19352212800
19,6,30,38,39,40,43,26,40722959400
18,3,12,13,19,32,35,29,0
17,3,4,9,17,32,37,1,5349491200
16,6,7,24,37,38,40,33,4377146100
15,3,4,16,30,31,37,13,17014245000
14,2,6,12,31,33,40,15,9375048300
13,22,23,25,37,38,42,26,0
12,2,11,21,25,39,45,44,1348845700
11,1,7,36,37,41,42,14,4780152300
10,9,25,30,33,41,44,6,6430437900
9,2,4,16,17,36,39,14,0
8,8,19,25,34,37,39,9,0
7,2,9,16,25,26,40,42,0
6,14,15,26,27,40,42,34,6574451700
5,16,24,29,40,41,42,3,0
4,14,27,30,31,40,42,2,0
3,11,16,19,21,27,31,30,2000000000
2,9,13,21,25,32,42,2,2002006800
1,10,23,29,33,37,40,16,0
